changed,human_places
changed,human_places:community
changed,human_places:community:community_center
changed,human_places:community:library
changed,human_places:education
changed,human_places:education:high_school
changed,human_places:education:high_school:high_school_yeshiva
changed,human_places:education:high_school:ulpana
changed,human_places:education:high_school:youth_villages
changed,human_places:education:kindergarten
changed,human_places:education:middle_school
changed,human_places:education:nursery
changed,human_places:education:primary_school
changed,human_places:government_service_point
changed,human_places:health
changed,human_places:health:clinic
changed,human_places:health:clinic:gp_clinic
changed,human_places:health:clinic:mental_health_clinic
changed,human_places:health:clinic:well_baby_clinic
changed,human_places:health:hospital
changed,human_places:religion
changed,human_places:religion:church
changed,human_places:religion:mosque
changed,human_places:religion:synagogue
changed,human_services:care:help_hotlines
changed,human_services:care:home_visiting
changed,human_services:care:in_home_support
changed,human_services:care:mentoring
changed,human_services:care:one_on_one_support
changed,human_services:care:risk_assessment
changed,human_services:care:spiritual_support
changed,human_services:care:support_group
changed,human_services:care:support_group:bereavement
changed,human_services:care:support_group:parenting_education
changed,human_services:care:support_group:virtual_support
changed,human_services:care:vacations
changed,human_services:education:afterschool_care
changed,human_services:education:integration_in_education
changed,human_services:education:respite_activities:academia
changed,human_services:education:respite_activities:academia:college_readiness
changed,human_services:education:respite_activities:further_education
changed,human_services:education:respite_activities:further_education:engineering
changed,human_services:education:respite_activities:further_education:yeshiva_and_kollel
changed,human_services:health:addiction_recovery:support_groups
changed,human_services:health:dental_emergency_service
changed,human_services:health:medical_supplies
changed,human_services:health:medical_supplies:assistive_technology
changed,human_services:health:medical_supplies:prosthesis
changed,human_services:health:psychiatric_emergency_services
changed,human_services:health:residential_treatment
changed,human_services:housing:short_term_housing
changed,human_services:housing:short_term_housing:shelters_from_violence
changed,human_services:housing:short_term_housing:transit_flats
changed,human_situations:benefit_holders:social_security:bereaved_families_of_terror
changed,human_situations:deprivation:at_risk_youth
changed,human_situations:deprivation:low_income
changed,human_situations:education:learning_disorders
changed,human_situations:education:struggling_students
changed,human_situations:health:allergies
changed,human_situations:health:overweight
changed,human_situations:substance_dependency:painkillers
