added,human_services:education:boarding_school
changed,human_places:health:clinic:mental_health_clinic
changed,human_places:welfare_bureau
changed,human_services:care:aid_center
changed,human_services:care:early_childhood_intervention
changed,human_services:education:academia
changed,human_services:education:academia:college_readiness
changed,human_services:education:further_education
changed,human_services:education:further_education:engineering
changed,human_services:education:further_education:yeshiva_and_kollel
changed,human_services:education:high_school_yeshiva
changed,human_services:education:nursery
changed,human_services:education:ulpana
changed,human_services:education:youth_villages
changed,human_services:health:dental_care:dental_emergency_service
changed,human_services:health:mental_health_care:family_advice_center
changed,human_services:health:mental_health_care:hospitalization:hospitalization_alternative:balancing_house
changed,human_services:work:special_employment:employment_club
changed,human_situations:deprivation:at_risk
changed,human_situations:deprivation:at_risk:at_risk_children
changed,human_situations:deprivation:at_risk:at_risk_teen_girls
changed,human_situations:deprivation:at_risk:at_risk_teens
changed,human_situations:deprivation:at_risk:at_risk_youth
renamed,human_services:care:help_hotlines,human_services:care:help_hotline
renamed,human_services:emergency:emergency_helplines,human_services:emergency:emergency_helpline
renamed,human_services:health:prevent_treat:checkup_test:pregnancy_tests,human_services:health:prevent_treat:checkup_test:pregnancy_test
renamed,human_services:housing:residential_housing:long_term_housing:group_flats,human_services:housing:residential_housing:long_term_housing:group_flat
renamed,human_services:housing:residential_housing:long_term_housing:satellite_apartments,human_services:housing:residential_housing:long_term_housing:satellite_apartment
renamed,human_services:money:loans:business_loans,human_services:money:loans:business_loan
renamed,human_services:money:loans:personal_loans,human_services:money:loans:personal_loan
